Text,Review-basic-sentiment,DeepSeek-sentiment,Gemini-sentiment,GPT-4o-sentiment,Content,Reasoning-content,Gemini-content,Gemini-reasoning-content,GPT-4o-Content
"I would love to comment on this film. Alas , my search has always endeth in vain. If any good citizen could help a desperate inhabitant of this ailing planet and restore his confidence in humanity by offering the whereabouts of either a UK VHS or loan him a DVD copy of the VHS; he would, without reservation, be eternally grateful..... <br /><br />Blake wrote ""The road to excess is the path to wisdom"", one hopes my weary road of excess will offer the path to fruition .... If not, I will have to replay the excellent Mr Russel's Gothic in the knowledge that those who have seen Haunted Summer (for better or for worse) have enriched their viewing pleasure of the events of July 1816 whilst I, a fellow member of this melodious plot, rests his lonely case in solitude ...",Positive,Negative,Negative,Positive,"{""sentiment"":""Negative"",""explanation"":""The text expresses frustration and desperation about being unable to locate the film 'Haunted Summer,' with the author pleading for assistance and framing their search as a 'weary road of excess.' While there is admiration for another film ('Gothic'), the overall tone reflects dissatisfaction and unmet desire regarding the primary subject.""}","Okay, let's tackle this sentiment analysis request. The user wants a JSON object with ""sentiment"" (either Positive or Negative) and an explanation. The example outputs don't have explanations filled, but maybe they just left them blank. Anyway, let's focus on the input provided.

The input is a user trying to find a copy of the film ""Haunted Summer"". They mention their search has been in vain and they're desperate. They ask for help from others to find a VHS or DVD. The tone seems frustrated but also hopeful. They quote Blake about excess leading to wisdom, which might indicate some optimism. They also mention replaying another film, ""Gothic"", which they describe as excellent. The overall feeling is a mix of frustration from not finding the movie but appreciation for related works. However, the main sentiment here is their inability to access the film they want, which is a negative experience. Even though there's a mention of an excellent other movie, the primary focus is on their struggle and plea for help. So, I'd lean towards Negative sentiment because the user is expressing distress and unfulfilled desire regarding the movie they can't find. The positive mention of another film doesn't outweigh their current negative situation.","```json
{""sentiment"":""Negative"",""explanation"":""""}
```","**My Analysis of My Own Thoughts on ""Haunted Summer""**

Okay, so the task is to analyze my own sentiment regarding ""Haunted Summer"" and provide a simple JSON output. That's straightforward enough. Let me clarify my thoughts on this search, which, let's be honest, has become a bit of an obsession.

Basically, I'm *very* disappointed that I can't find a copy of ""Haunted Summer"". It's not a commentary on the film itself; I'm completely in the dark about its merits. This is purely about my *experience* of trying to track it down. My language, I'll admit, reflects this frustration. Words like ""alas,"" ""in vain,"" ""desperate,"" and ""lonely"" don't exactly scream ""joyful anticipation,"" do they? I even brought in Blake's ""road to excess"" quote, which highlights my desperation. I'm hoping my exhaustive search will ultimately lead to a positive result, but right now, all I'm experiencing is the negative side of the equation. Seeing others comment on it, while I am bereft, adds to that.

So, the sentiment here is definitely negative, reflecting my disappointment at being unable to see this film, and my wish to comment on it.

```json
{
  ""sentiment"": ""Negative"",
  ""explanation"": """"
}
```
","```json
{
  ""sentiment"": ""Positive"",
  ""explanation"": ""The text expresses a passionate longing to watch a particular film and includes a hopeful plea for assistance in finding it. The overall tone suggests admiration and anticipation, indicating a positive sentiment.""
}
```"
"What can you say about the film White Fire. Amazing? Fantastic? Disturbing? Hilarious? These words are not big enough to describe the event which is White Fire. From wobbly, garbled beginning to profound end, this movie will entertain throughout.<br /><br />Our movie begins in the woods of a country somewhere in the world. A family is hiding from unmarked soldiers in costume shop uniforms. When the father separates from the mother and their childen, you get a real sense of what kind of movie you're about to watch. Father makes sure to roll down hills in his all white outfit, and is polite as he gets people's attention before he shoots them, but alas, dad is burned alive in what looks like a very unsupervised, unsafe stunt. Meanwhile, mom and the kids are running down a beach with an armed soldier trailing about 5 feet behind them. He too gives a stern warning before action in the form of a bizarre ""HALT!"", and then promptly wastes the mother. This action sequence sets up the happy childhood of our heroes Bo and Ingred.<br /><br />So now we fast forward about 20 years (30 if you're honest about the hero's age) to beautiful Turkey, where Bo and Ingred have settled as professional thieves, or diamond prospectors, or something. Ingred works at a diamond mine where she helps herself to the goods, while Bo (masterfully played by the dynamic Robert Ginty) drives around the desert in his denim outfits. Bo and Ingrid have an interesting relationship. They don't seem to have any friends other than each other, and they spend all of their time together. That coupled with the fact that Bo has expressed his desire to sleep with his sister as evidenced in lines such as ""you know its a shame you're my sister"" he says to her while she's stark naked, make for a very dynamic duo. Bo is then crushed when Ingrid is killed, as he wanders the beaches of Turkey with his ceremonial pink grief scarf. A renewal of hope occurs when Bo finds a girl who looks like Ingrid, and gives her plastic surgery to make her look exactly like Ingrid. This opens the door for Bo to have sex with his sister without it being technically wrong. Bo is a real fan of ethical grey areas, and he is overjoyed with his new love.<br /><br />So anyway, there's a lot of fun action scenes, ridiculous violence, great acting, impossible to follow plot-lines, Fred ""the hammer"" Williamson (for some reason), and a big chunk of dirty ice which is supposed to be a giant diamond (which later explodes). All of these things are great, but the Bo and Ingrid relationship is what makes this movie special....really special. So I heartily encourage everyone to behold the majesty that is White Fire. You may be glad you did..or not.",Positive,Negative,Negative,Positive,"{""sentiment"":""Negative"",""explanation"":""The review uses sarcasm and highlights absurd elements like implausible plot points, questionable character relationships, and over-the-top acting. While phrases like 'entertain throughout' and 'great acting' appear positive, the context reveals mockery of the film's poor quality, leading to an overall negative sentiment.""}","Okay, let's tackle this sentiment analysis for the input about the movie ""White Fire."" The user provided a detailed and humorous review. First, I need to determine if the overall sentiment is positive or negative based on the 2-point scale.

The review starts by asking rhetorical questions like ""Amazing? Fantastic? Disturbing? Hilarious?"" but then says these words aren't big enough, which could be sarcastic. The user describes the beginning as ""wobbly, garbled"" and mentions the movie will entertain throughout. However, the tone here might be ironic because the details that follow are quite absurd. 

Looking at the plot summary, the user points out ridiculous elements: the father rolling down a hill in a white outfit, soldiers in costume shop uniforms, a stunt that looks unsafe, and the bizarre relationship between Bo and Ingrid. The mention of Bo wanting to sleep with his sister and the ethical grey areas he enjoys adds to the absurdity. Phrases like ""dynamic Robert Ginty"" might be sarcastic, especially since the acting is later described as ""great acting,"" which is likely ironic given the context. 

The user also highlights ""impossible to follow plot-lines"" and a diamond that explodes, which are negative points. However, they end by encouraging others to watch it, saying ""You may be glad you did..or not,"" which is ambivalent but leans negative because of the doubt implied. 

Despite the positive-sounding words like ""entertain throughout,"" ""fun action scenes,"" and ""heartily encourage,"" the context suggests the reviewer is mocking the film's poor quality. The exaggerated praise and focus on ridiculous elements indicate a negative sentiment. So, the sentiment should be Negative.","```json
{""sentiment"":""Negative"",""explanation"":""""}
```","**My Analysis of ""White Fire"" Sentiment**

Okay, so I've got this text about ""White Fire"" and I need to figure out if the person likes it or not. Seems pretty straightforward, right? I started by looking at those initial words - ""Amazing?"", ""Fantastic?"", ""Hilarious?"". On the surface, those are all positive. But then the description kicks in, and that's where things get interesting. ""Wobbly beginning,"" ""costume shop uniforms,"" ""ridiculous violence,"" and ""impossible to follow plot-lines""... uh oh. The more I read, the more I realize those seemingly positive words are probably dripping with sarcasm. It's like, ""Amazing? Yeah, in the most absurd way possible.""

The whole thing sounds more like a train wreck you can't look away from. The incestuous themes? The horrible stunts? The dirty diamond that explodes? That's not the mark of a good movie. The final sentence, ""You may be glad you did..or not,"" really hammers it home. It's not a ringing endorsement. So, even if they're finding it entertaining on a ""so bad it's good"" level, the overall sentiment has to be negative, just look at the list of flaws.

```json
{
  ""sentiment"": ""Negative"",
  ""explanation"": ""The text uses positive-sounding words ironically and highlights many negative aspects of the film.""
}
```
","```json
{
  ""sentiment"": ""Positive"",
  ""explanation"": ""The review expresses a combination of awe and bewilderment at the film 'White Fire.' While it humorously highlights the film's bizarre plot and eccentric elements, the overall tone is one of entertainment and intrigue. The language used—'Amazing,' 'Fantastic,' 'Disturbing,' 'Hilarious'—suggests a fondness for the film's unconventional and entertaining nature, even if it may not fit traditional standards of quality. The reviewer recommends the movie, indicating a positive sentiment overall.""
}
```"
"I saw this movie in the middle of the night, when I was flipping through the channels and there was nothing else on to watch. It's one of those films where you stop to see what it is - just for a moment! - but realize after twenty minutes or so that you just can't turn it off, no matter how bad it is. One of those movies that is somewhere in between being so bad it's good and so bad it's, well, just plain BAD, it's worth seeing just to experience the confusion of realizing that it's both! Great middle-of-the-night fare, if only for the fabulous tennis drag. Don't even bother asking yourself why nobody can tell that Chad Lowe is so obviously male, because logic does not apply.",Negative,Positive,Positive,Negative,"{""sentiment"":""Positive"",""explanation"":""The review acknowledges the movie's flaws but highlights its entertaining 'so bad it's good' quality and campy appeal, particularly praising its value as late-night viewing with humorous elements like the tennis drag scene.""}","Okay, let's tackle this sentiment analysis. The user wants a JSON output with either ""Positive"" or ""Negative"" sentiment and a brief explanation. 

Looking at the input provided: The user watched a movie late at night when nothing else was on. They describe it as one of those films you start watching out of curiosity and end up stuck watching despite it being bad. The key phrases here are ""so bad it's good"" and ""so bad it's... just plain BAD."" They also mention it's worth seeing for the confusion and the ""fabulous tennis drag,"" and they advise not to apply logic.

Hmm. The overall tone seems mixed but leans towards a positive take because the viewer found it entertaining in a so-bad-it's-good way. Even though they call it bad, the enjoyment factor is there. The mention of it being ""great middle-of-the-night fare"" suggests it's enjoyable in a specific context. The positive elements (entertainment value, humor in the absurdity) likely outweigh the negative aspects (acknowledged badness). So the sentiment here is probably Positive.","```json
{""sentiment"":""Positive"",""explanation"":""""}
```","**My Take on This ""So Bad It's Good"" Film**

Okay, so the task is to analyze the sentiment here. The user wants a ""sentiment"" and an ""explanation"" in JSON format, right? Let's see... the text describes a movie, and the whole experience sounds pretty intriguing. I caught myself describing it as ""worth seeing"" and even ""Great middle-of-the-night fare"" despite admitting it was, well, *bad*.

It was one of those late-night finds, the kind you stumble upon when absolutely nothing else is on. You know, the kind of film that's somewhere between being so bad it's good and just... plain BAD. But I *couldn't* turn it off! That alone says something, doesn't it? It's that confusion, that bizarre experience of realizing that something is both awful and strangely compelling, that makes it ""worth seeing.""

I mean, the ""fabulous tennis drag"" alone! Logic? Forget about it. It's that sheer absurdity that makes it interesting. The overall tone is definitely not negative. Sure, it's not a *good* movie in the traditional sense, but it was entertaining. I found something in its awfulness, and that's a positive experience, even if it's a bit ironic. So, I'd say the sentiment leans positive.
","```json
{
  ""sentiment"": ""Negative"",
  ""explanation"": ""The review describes the movie as both bad and captivating in its badness, highlighting its lack of logic and the implausible scenario of Chad Lowe's character. The reviewer characterizes the film as a curiosity for late-night viewing, suggesting it's not of high quality but interesting due to its absurdity. The mention of 'so bad it's good' implies some enjoyment, but primarily the criticism underscores its lack of quality, resulting in an overall negative sentiment.""
}
```"
